scenario,timing_preset,trial,seed,total_users,cw_min,lower_cw_min,higher_cw_min,class_name,class_users,successful_packets,collision_attempts,average_delay_slots,throughput_bits_per_slot,jain_fairness_index,per_station_throughput_variance,zero_success_station_fraction,max_station_throughput_share
sweep-cw,baseline,0,7,20,0,,,standard,20,9984,54,2.003104967948718,5990.4,0.05,1704532.3776000005,0.95,1.0
sweep-cw,baseline,1,8,20,0,,,standard,20,9987,45,2.0025032542304997,5992.2,0.049999999999999996,1705556.8898999994,0.95,1.0
sweep-cw,baseline,2,9,20,0,,,standard,20,9977,60,2.0045103738598775,5986.2,0.05,1702143.045899999,0.95,1.0
sweep-cw,baseline,3,10,20,0,,,standard,20,9991,32,2.0018016214593133,5994.6,0.05,1706923.3851,0.95,1.0
sweep-cw,baseline,4,11,20,0,,,standard,20,9991,30,2.0018016214593133,5994.6,0.05,1706923.3850999996,0.95,1.0
sweep-cw,baseline,5,12,20,0,,,standard,20,9984,49,2.003104967948718,5990.4,0.05,1704532.3776000005,0.95,1.0
sweep-cw,baseline,6,13,20,0,,,standard,20,9991,39,2.0018016214593133,5994.6,0.05,1706923.3850999996,0.95,1.0
sweep-cw,baseline,7,14,20,0,,,standard,20,9984,44,2.003104967948718,5990.4,0.05,1704532.3776000005,0.95,1.0
sweep-cw,baseline,8,15,20,0,,,standard,20,9977,67,2.004610604390097,5986.2,0.05,1702143.045899999,0.95,1.0
sweep-cw,baseline,9,16,20,0,,,standard,20,9991,31,2.0018016214593133,5994.6,0.05,1706923.3851,0.95,1.0
sweep-cw,baseline,0,7,20,2,,,standard,20,3603,2945,82.15348320843741,2161.8,0.6258543685295015,6984.5499,0.1,0.1373855120732723
sweep-cw,baseline,1,8,20,2,,,standard,20,3708,2834,79.86218985976268,2224.8,0.6695552746248831,6107.0904,0.0,0.12135922330097086
sweep-cw,baseline,2,9,20,2,,,standard,20,3675,2858,83.94585034013605,2205.0,0.727567918460138,4551.3675,0.05,0.10938775510204081
sweep-cw,baseline,3,10,20,2,,,standard,20,3842,2593,85.40317542946381,2305.2,0.688386612967312,6013.6884,0.0,0.1392503904216554
sweep-cw,baseline,4,11,20,2,,,standard,20,3667,2925,99.20289064630488,2200.2,0.7687916715739688,3639.6458999999986,0.0,0.12789746386692122
sweep-cw,baseline,5,12,20,2,,,standard,20,3716,2856,86.54790096878364,2229.6,0.832566967569536,2499.2855999999997,0.0,0.08638320775026911
sweep-cw,baseline,6,13,20,2,,,standard,20,3652,2849,88.43346111719606,2191.2,0.7302288401185271,4434.4583999999995,0.0,0.11418400876232197
sweep-cw,baseline,7,14,20,2,,,standard,20,3548,2986,96.30073280721533,2128.8,0.748233123554152,3812.1623999999997,0.0,0.1124577226606539
sweep-cw,baseline,8,15,20,2,,,standard,20,3809,2673,89.49488054607508,2285.4,0.6901169754205112,5863.2651000000005,0.0,0.10737726437385141
sweep-cw,baseline,9,16,20,2,,,standard,20,3621,2855,87.41286937310136,2172.6,0.7448382522862135,4042.529100000001,0.0,0.1369787351560343
sweep-cw,baseline,0,7,20,4,,,standard,20,3069,3108,109.82404692082112,1841.4,0.7289554907165907,3151.9250999999995,0.0,0.1371782339524275
sweep-cw,baseline,1,8,20,4,,,standard,20,3060,3107,110.1578431372549,1836.0,0.7971273585387527,2144.772,0.0,0.11307189542483662
sweep-cw,baseline,2,9,20,4,,,standard,20,3079,3067,115.41961675868788,1847.4,0.8768858578926045,1197.9171,0.0,0.09808379343942837
sweep-cw,baseline,3,10,20,4,,,standard,20,3082,3049,113.06943543153797,1849.2,0.8140079594963784,1953.3203999999998,0.0,0.09020116807268008
sweep-cw,baseline,4,11,20,4,,,standard,20,3037,3106,115.16957523872243,1822.2,0.9217893571218694,704.3138999999999,0.0,0.07540335857754364
sweep-cw,baseline,5,12,20,4,,,standard,20,3086,3062,111.16202203499675,1851.6,0.7720754288679187,2530.2636000000007,0.0,0.09721322099805571
sweep-cw,baseline,6,13,20,4,,,standard,20,3080,3093,113.66006493506494,1848.0,0.8003293647579707,2130.048,0.0,0.09772727272727272
sweep-cw,baseline,7,14,20,4,,,standard,20,2989,3173,115.02074272331883,1793.4,0.796868316038653,2049.6771,0.0,0.10940113750418198
sweep-cw,baseline,8,15,20,4,,,standard,20,3086,3064,117.00097213220998,1851.6,0.7945883797846032,2215.7316,0.0,0.11957226182760856
sweep-cw,baseline,9,16,20,4,,,standard,20,2974,3220,120.56254203093476,1784.4,0.8256268272738476,1681.2036,0.0,0.09347679892400808
sweep-cw,baseline,0,7,20,8,,,standard,20,2885,2891,126.99930675909879,1731.0,0.9058346012280626,778.7115,0.0,0.08630849220103985
sweep-cw,baseline,1,8,20,8,,,standard,20,2887,2996,128.3200554208521,1732.2,0.9263304073743943,596.5658999999998,0.0,0.08382403879459648
sweep-cw,baseline,2,9,20,8,,,standard,20,2843,2918,129.62891311994372,1705.8,0.8717397587970481,1070.2898999999998,0.0,0.09391487864931411
sweep-cw,baseline,3,10,20,8,,,standard,20,2935,2833,116.47802385008518,1761.0,0.8567668290509372,1296.1035000000002,0.0,0.09028960817717206
sweep-cw,baseline,4,11,20,8,,,standard,20,2914,2968,123.6372683596431,1748.4,0.9035437779584329,815.8356,0.0,0.08098833218943036
sweep-cw,baseline,5,12,20,8,,,standard,20,2934,2859,122.13360599863667,1760.4,0.8451529420080978,1419.4836000000003,0.0,0.08350374914792091
sweep-cw,baseline,6,13,20,8,,,standard,20,2925,2870,127.39350427350428,1755.0,0.888584060870053,965.4794999999998,0.0,0.0964102564102564
sweep-cw,baseline,7,14,20,8,,,standard,20,2863,2890,131.32273838630806,1717.8,0.82917090688382,1519.8579000000004,0.0,0.09395738735592035
sweep-cw,baseline,8,15,20,8,,,standard,20,2838,2909,125.37244538407329,1702.8,0.8381490931946939,1399.7843999999996,0.0,0.09548978153629314
sweep-cw,baseline,9,16,20,8,,,standard,20,2857,2927,132.1809590479524,1714.2,0.8046245127863397,1783.7739000000001,0.0,0.09380469023451173
sweep-cw,baseline,0,7,20,16,,,standard,20,2855,2445,134.5187390542907,1713.0,0.9217967914196603,622.3635,0.0,0.07600700525394044
sweep-cw,baseline,1,8,20,16,,,standard,20,2902,2430,133.18504479669193,1741.2,0.9051556098211099,794.1924000000001,0.0,0.08373535492763612
sweep-cw,baseline,2,9,20,16,,,standard,20,2848,2393,134.3999297752809,1708.8,0.9016224772457461,796.5144,0.0,0.08321629213483145
sweep-cw,baseline,3,10,20,16,,,standard,20,2953,2457,128.08195055875382,1771.8,0.9120546257423338,756.7658999999999,0.0,0.08398239078902814
sweep-cw,baseline,4,11,20,16,,,standard,20,2856,2489,132.39180672268907,1713.6,0.9216984116939826,623.6496,0.0,0.07352941176470587
sweep-cw,baseline,5,12,20,16,,,standard,20,2899,2498,131.91203863401174,1739.4,0.9188674933798079,667.8530999999999,0.0,0.07795791652293893
sweep-cw,baseline,6,13,20,16,,,standard,20,2960,2396,128.0695945945946,1776.0,0.9148279476930918,734.1479999999999,0.0,0.07736486486486485
sweep-cw,baseline,7,14,20,16,,,standard,20,2928,2492,130.13319672131146,1756.8,0.9191633894990542,678.5784000000001,0.0,0.07377049180327869
sweep-cw,baseline,8,15,20,16,,,standard,20,2855,2380,131.28091068301225,1713.0,0.9240665833788699,602.8155,0.0,0.07320490367775831
sweep-cw,baseline,9,16,20,16,,,standard,20,2884,2471,131.2385575589459,1730.4,0.942035328069007,460.60559999999987,0.0,0.07524271844660194
sweep-cw,baseline,0,7,20,32,,,standard,20,2944,1914,132.50985054347825,1766.4,0.9535810162569426,379.7136,0.0,0.0716711956521739
sweep-cw,baseline,1,8,20,32,,,standard,20,2966,1869,132.4777478084963,1779.6,0.9545815194038013,376.7076,0.0,0.06877950101146325
sweep-cw,baseline,2,9,20,32,,,standard,20,2994,1889,130.4863059452238,1796.4,0.9631250510355379,308.8836,0.0,0.06546426185704741
sweep-cw,baseline,3,10,20,32,,,standard,20,2945,1930,132.89541595925297,1767.0,0.9398372600566522,499.67550000000017,0.0,0.06859083191850594
sweep-cw,baseline,4,11,20,32,,,standard,20,2984,1811,127.91253351206434,1790.4,0.9348810643730678,558.2016000000001,0.0,0.07640750670241289
sweep-cw,baseline,5,12,20,32,,,standard,20,2975,1885,128.0601680672269,1785.0,0.9590950466509898,339.7275000000001,0.0,0.0719327731092437
sweep-cw,baseline,6,13,20,32,,,standard,20,2945,1925,131.83429541595925,1767.0,0.9655296983298933,278.6715,0.0,0.06078098471986418
sweep-cw,baseline,7,14,20,32,,,standard,20,2922,1919,132.7460643394935,1753.2,0.9696814551665867,240.26039999999998,0.0,0.07563312799452429
sweep-cw,baseline,8,15,20,32,,,standard,20,2903,1921,132.55425421977264,1741.8,0.9735803652915282,205.82189999999997,0.0,0.066138477437134
sweep-cw,baseline,9,16,20,32,,,standard,20,2898,1904,133.86300897170463,1738.8,0.9309424257875715,560.6963999999999,0.0,0.06901311249137337
sweep-cw,baseline,0,7,20,64,,,standard,20,2904,1212,135.23037190082644,1742.4,0.9731247663314148,209.6136,0.0,0.06336088154269973
sweep-cw,baseline,1,8,20,64,,,standard,20,2913,1192,136.17164435290078,1747.8,0.9879922456250652,92.81789999999998,0.0,0.058359079986268464
sweep-cw,baseline,2,9,20,64,,,standard,20,2857,1218,137.85999299965,1714.2,0.9801611737270736,148.6899,0.0,0.06720336016800839
sweep-cw,baseline,3,10,20,64,,,standard,20,2871,1194,136.50574712643677,1722.6,0.9789987718927341,159.13710000000006,0.0,0.06513409961685825
sweep-cw,baseline,4,11,20,64,,,standard,20,2898,1234,135.93892339544513,1738.8,0.9869653509328589,99.82440000000001,0.0,0.05797101449275364
sweep-cw,baseline,5,12,20,64,,,standard,20,2826,1248,139.20382165605096,1695.6,0.9695047514531143,226.0836,0.0,0.0732484076433121
sweep-cw,baseline,6,13,20,64,,,standard,20,2890,1239,136.63114186851212,1734.0,0.9725087911320186,212.49,0.0,0.0629757785467128
sweep-cw,baseline,7,14,20,64,,,standard,20,2832,1205,139.44879943502823,1699.2,0.9799164284143391,147.93839999999997,0.0,0.0646186440677966
sweep-cw,baseline,8,15,20,64,,,standard,20,2873,1202,137.12704490080057,1723.8,0.9753725240885126,187.56990000000002,0.0,0.06648103028193525
sweep-cw,baseline,9,16,20,64,,,standard,20,2837,1207,138.29925978145928,1702.2,0.9840264719618736,117.58589999999997,0.0,0.060274938315121616
